t,k,ping,wall,tick_ms,mx0,mxd0,mth0,my0,myd0,mph0,mz0,mzd0,mps0,mr0,mx1,mxd1,mth1,my1,myd1,mph1,mz1,mzd1,mps1,mr1,mx2,mxd2,mth2,my2,myd2,mph2,mz2,mzd2,mps2,mr2,mx3,mxd3,mth3,my3,myd3,mph3,mz3,mzd3,mps3,mr3,mx4,mxd4,mth4,my4,myd4,mph4,mz4,mzd4,mps4,mr4,px0,pxd0,pth0,py0,pyd0,pph0,pz0,pzd0,pps0,pr0,px1,pxd1,pth1,py1,pyd1,pph1,pz1,pzd1,pps1,pr1,px2,pxd2,pth2,py2,pyd2,pph2,pz2,pzd2,pps2,pr2,px3,pxd3,pth3,py3,pyd3,pph3,pz3,pzd3,pps3,pr3,px4,pxd4,pth4,py4,pyd4,pph4,pz4,pzd4,pps4,pr4
0.0000,0,0,0.0000,0.00,0.67168,-0.01423,-0.00263,0.35023,0.03601,-0.00222,0.37033,0.00045,-0.16446,0.27011,-0.24061,-0.02306,0.01613,0.23211,0.02506,0.03414,0.39028,-0.02380,-0.01425,-0.18204,0.89561,0.00950,-0.00528,-0.46918,-0.05236,0.00414,0.37482,0.01975,-0.05373,0.11331,-0.75972,0.00559,0.00235,0.29011,-0.01022,-0.00264,0.37976,0.08552,-0.05793,-0.00470,0.01072,-0.01922,0.00431,-0.23855,-0.00062,0.00293,0.37524,0.00316,-0.08442,0.09131,0.67168,-0.01423,-0.00263,0.35023,0.03601,-0.00222,0.37033,0.00045,-0.16446,0.27011,-0.24061,-0.02306,0.01613,0.23211,0.02506,0.03414,0.39028,-0.02380,-0.01425,-0.18204,0.89561,0.00950,-0.00528,-0.46918,-0.05236,0.00414,0.37482,0.01975,-0.05373,0.11331,-0.76033,0.01372,0.00235,0.29069,-0.01750,-0.00264,0.37131,0.08592,-0.05793,-0.00470,0.01072,-0.01922,0.01078,-0.23855,-0.00062,0.00656,0.37524,0.00316,-0.08805,-0.00998
0.0500,5,0,0.0502,50.21,0.67034,-0.01484,-0.00263,0.35544,0.03482,-0.00222,0.37219,0.02935,-0.16446,0.27011,-0.24061,-0.02306,0.01567,0.23211,0.02506,0.03518,0.39028,-0.02380,-0.02561,-0.06513,0.89561,0.00950,-0.00206,-0.46918,-0.05236,-0.00059,0.37482,0.01975,-0.04694,0.11261,-0.75972,0.00559,0.00921,0.29011,-0.01022,0.00041,0.37976,0.08552,-0.06113,-0.01971,0.01072,-0.01922,0.00431,-0.23855,-0.00062,0.00293,0.37524,0.00316,-0.08442,0.09131,0.67092,-0.01648,-0.00643,0.35206,0.03720,-0.00259,0.37077,0.01772,-0.15182,0.23604,-0.24169,-0.02201,-0.00964,0.23303,0.01305,0.01609,0.38990,0.00668,-0.02275,-0.15865,0.89588,-0.00130,-0.03610,-0.47177,-0.04977,-0.01334,0.37744,0.08186,-0.04841,0.09982,-0.75957,0.01733,0.01156,0.28978,-0.02026,0.01264,0.37556,0.08470,-0.05814,-0.00391,0.00987,-0.01509,0.00629,-0.23861,-0.00110,-0.00386,0.37633,0.03951,-0.08851,-0.00858
0.1000,10,0,0.1000,49.83,0.67034,-0.01484,0.00844,0.35544,0.03482,0.02309,0.37219,0.02935,-0.13502,0.20158,-0.24393,-0.03895,0.01567,0.23055,-0.01202,0.03518,0.38548,-0.04065,-0.02561,-0.06513,0.89630,0.01226,-0.02369,-0.47359,-0.04507,-0.01741,0.37682,0.02906,-0.03780,0.04445,-0.75807,0.00412,0.00921,0.28545,-0.02249,0.00041,0.38372,0.05490,-0.06113,-0.01971,0.00845,-0.01442,-0.00650,-0.24071,-0.01801,-0.00147,0.37374,-0.00806,-0.06534,0.25214,0.67001,-0.02041,-0.00946,0.35395,0.03852,-0.00278,0.37214,0.03716,-0.14078,0.20629,-0.24297,-0.03076,-0.02457,0.23354,0.00825,0.00437,0.39082,0.02945,-0.03016,-0.13824,0.89529,-0.02377,-0.05375,-0.47405,-0.04037,-0.02404,0.38273,0.12738,-0.04372,0.08799,-0.75854,0.02441,0.01675,0.28857,-0.02891,0.02180,0.37982,0.08634,-0.05832,-0.00325,0.00918,-0.01286,0.00294,-0.23859,0.00255,-0.01050,0.37910,0.07067,-0.08891,-0.00735
0.1500,15,0,0.1502,50.15,0.66753,-0.02307,-0.00001,0.35776,0.01685,0.00827,0.37248,0.01927,-0.11443,0.14333,-0.24393,-0.03895,-0.01123,0.23055,-0.01202,0.02118,0.38548,-0.04065,-0.03279,-0.04327,0.89630,0.01226,-0.02369,-0.47359,-0.04507,-0.01741,0.37682,0.02906,-0.03780,0.04445,-0.75807,0.00412,0.00695,0.28545,-0.02249,0.01157,0.38372,0.05490,-0.06235,-0.01448,0.00845,-0.01442,-0.00650,-0.24071,-0.01801,-0.00147,0.37374,-0.00806,-0.06534,0.25214,0.66886,-0.02565,-0.01182,0.35591,0.03991,-0.00286,0.37449,0.05671,-0.13113,0.18032,-0.24485,-0.04495,-0.03230,0.23393,0.00806,-0.00303,0.39276,0.04723,-0.03662,-0.12042,0.89340,-0.05260,-0.06262,-0.47574,-0.02693,-0.03014,0.38997,0.16064,-0.03959,0.07760,-0.75710,0.03332,0.01924,0.28683,-0.04097,0.02683,0.38423,0.09013,-0.05847,-0.00268,0.00856,-0.01207,0.00044,-0.23831,0.00879,-0.01456,0.38332,0.09721,-0.08925,-0.00626
0.2000,20,0,0.1998,49.61,0.66753,-0.02307,-0.00001,0.35776,0.01685,0.00827,0.37248,0.01927,-0.11443,0.14333,-0.24651,-0.00879,-0.04643,0.22740,-0.02555,0.00053,0.38317,-0.00550,-0.03414,0.02171,0.89313,0.04120,-0.06710,-0.46675,0.03036,-0.03534,0.37290,0.01749,-0.03368,-0.01689,-0.75854,-0.01244,0.02175,0.28560,-0.02774,0.02911,0.38991,0.07039,-0.06363,0.07330,0.00808,-0.00235,-0.01280,-0.24424,-0.01465,-0.01295,0.37374,0.02270,-0.04171,0.21691,0.66742,-0.03191,-0.01362,0.35794,0.04131,-0.00285,0.37779,0.07526,-0.12269,0.15764,-0.24751,-0.06168,-0.03532,0.23439,0.01075,-0.00752,0.39549,0.06172,-0.04224,-0.10486,0.88998,-0.08426,-0.06570,-0.47670,-0.01131,-0.03316,0.39864,0.18474,-0.03594,0.06849,-0.75520,0.04299,0.01994,0.28444,-0.05478,0.02909,0.38886,0.09546,-0.05859,-0.00220,0.00796,-0.01233,-0.00143,-0.23769,0.01655,-0.01687,0.38876,0.11971,-0.08954,-0.00530
0.2500,25,0,0.2501,50.31,0.66608,-0.01428,-0.01280,0.35369,-0.00770,0.01008,0.37571,0.05756,-0.10185,0.08308,-0.24651,-0.00879,-0.04643,0.22740,-0.02555,0.00053,0.38317,-0.00550,-0.03414,0.02171,0.89313,0.04120,-0.06710,-0.46675,0.03036,-0.03534,0.37290,0.01749,-0.03368,-0.01689,-0.75854,-0.01244,0.02175,0.28560,-0.02774,0.02911,0.38991,0.07039,-0.06363,0.07330,0.00808,-0.00235,-0.01280,-0.24424,-0.01465,-0.01295,0.37374,0.02270,-0.04171,0.21691,0.66566,-0.03894,-0.01493,0.36004,0.04270,-0.00279,0.38199,0.09226,-0.11532,0.13784,-0.25103,-0.07911,-0.03534,0.23503,0.01512,-0.01006,0.39889,0.07397,-0.04714,-0.09129,0.88496,-0.11645,-0.06505,-0.47686,0.00526,-0.03415,0.40833,0.20190,-0.03272,0.06048,-0.75280,0.05269,0.01947,0.28134,-0.06921,0.02953,0.39379,0.10181,-0.05869,-0.00179,0.00731,-0.01340,-0.00283,-0.23665,0.02514,-0.01799,0.39523,0.13871,-0.08978,-0.00445
0.3000,30,0,0.3000,49.85,0.66608,-0.01428,-0.01280,0.35369,-0.00770,0.01008,0.37571,0.05756,-0.10185,0.08308,-0.24485,0.03468,-0.03678,0.22374,-0.02289,-0.00637,0.38598,0.05103,-0.02540,0.09515,0.90144,0.11722,-0.06736,-0.46554,0.04552,-0.03499,0.37927,0.08306,-0.03696,-0.10351,-0.75875,-0.02156,0.01836,0.27719,-0.07525,0.03149,0.38860,0.02578,-0.05582,0.07489,0.00941,0.01095,0.00540,-0.24524,-0.00721,-0.00693,0.37756,0.07886,-0.02840,0.12137,0.66352,-0.04649,-0.01581,0.36221,0.04404,-0.00269,0.38699,0.10749,-0.10887,0.12056,-0.25541,-0.09605,-0.03351,0.23592,0.02040,-0.01130,0.40286,0.08464,-0.05140,-0.07944,0.87835,-0.14769,-0.06207,-0.47617,0.02197,-0.03381,0.41874,0.21376,-0.02988,0.05346,-0.74993,0.06197,0.01827,0.27752,-0.08355,0.02879,0.39905,0.10876,-0.05877,-0.00144,0.00661,-0.01505,-0.00385,-0.23517,0.03407,-0.01831,0.40258,0.15472,-0.08999,-0.00370
0.3500,35,0,0.3501,50.16,0.66506,-0.00191,-0.01910,0.35283,-0.01818,0.01143,0.38242,0.08525,-0.10526,-0.10142,-0.24485,0.03468,-0.03678,0.22374,-0.02289,-0.00637,0.38598,0.05103,-0.02540,0.09515,0.90144,0.11722,-0.06736,-0.46554,0.04552,-0.03499,0.37927,0.08306,-0.03696,-0.10351,-0.75875,-0.02156,0.01836,0.27719,-0.07525,0.03149,0.38860,0.02578,-0.05582,0.07489,0.00941,0.01095,0.00540,-0.24524,-0.00721,-0.00693,0.37756,0.07886,-0.02840,0.12137,0.66100,-0.05439,-0.01632,0.36445,0.04533,-0.00255,0.39271,0.12093,-0.10323,0.10546,-0.26062,-0.11181,-0.03061,0.23708,0.02607,-0.01169,0.40734,0.09414,-0.05511,-0.06909,0.87022,-0.17711,-0.05770,-0.47467,0.03829,-0.03263,0.42964,0.22154,-0.02736,0.04730,-0.74662,0.07055,0.01663,0.27300,-0.09733,0.02730,0.40467,0.11596,-0.05883,-0.00115,0.00580,-0.01713,-0.00459,-0.23324,0.04302,-0.01809,0.41066,0.16816,-0.09015,-0.00304
0.4000,40,0,0.4007,50.52,0.66506,-0.00191,-0.01910,0.35283,-0.01818,0.01143,0.38242,0.08525,-0.10526,-0.10142,-0.23888,0.07664,-0.03678,0.21974,-0.02172,-0.00637,0.39303,0.09329,-0.02540,0.09515,0.91356,0.17726,-0.05220,-0.46942,0.04618,-0.04365,0.38983,0.13638,-0.04709,-0.08001,-0.76219,-0.04085,0.01836,0.27032,-0.09103,0.03149,0.39178,0.04895,-0.05582,0.07489,0.01030,0.01041,-0.01068,-0.24319,0.00228,0.00027,0.38774,0.12838,-0.00797,0.30575,0.65808,-0.06245,-0.01652,0.36674,0.04654,-0.00239,0.39906,0.13265,-0.09829,0.09228,-0.26657,-0.12599,-0.02716,0.23853,0.03178,-0.01154,0.41226,0.10271,-0.05833,-0.06007,0.86068,-0.20418,-0.05259,-0.47236,0.05390,-0.03095,0.44085,0.22618,-0.02513,0.04188,-0.74289,0.07825,0.01476,0.26780,-0.11026,0.02537,0.41065,0.12314,-0.05888,-0.00090,0.00489,-0.01951,-0.00510,-0.23087,0.05177,-0.01753,0.41936,0.17942,-0.09029,-0.00246
0.4500,45,0,0.4508,50.15,0.66499,0.01520,-0.02868,0.35619,-0.00083,-0.01342,0.39205,0.09760,-0.11924,-0.16335,-0.23888,0.07664,-0.03835,0.21974,-0.02172,-0.01577,0.39303,0.09329,-0.01398,0.08835,0.91356,0.17726,-0.05220,-0.46942,0.04618,-0.04365,0.38983,0.13638,-0.04709,-0.08001,-0.76219,-0.04085,0.01169,0.27032,-0.09103,0.02486,0.39178,0.04895,-0.04855,0.09165,0.01030,0.01041,-0.01068,-0.24319,0.00228,0.00027,0.38774,0.12838,-0.00797,0.30575,0.65476,-0.07054,-0.01644,0.36910,0.04767,-0.00222,0.40595,0.14276,-0.09397,0.08078,-0.27319,-0.13842,-0.02349,0.24025,0.03733,-0.01105,0.41760,0.11052,-0.06113,-0.05219,0.84985,-0.22865,-0.04716,-0.46929,0.06860,-0.02898,0.45222,0.22839,-0.02316,0.03713,-0.73881,0.08501,0.01279,0.26199,-0.12218,0.02320,0.41698,0.13013,-0.05892,-0.00069,0.00385,-0.02210,-0.00543,-0.22807,0.06018,-0.01674,0.42857,0.18881,-0.09040,-0.00194
0.5000,50,0,0.5004,49.57,0.66499,0.01520,-0.02868,0.35619,-0.00083,-0.01342,0.39205,0.09760,-0.11924,-0.16335,-0.23124,0.09859,-0.02593,0.22016,-0.00419,-0.00466,0.40546,0.10752,-0.01371,-0.08095,0.93125,0.21617,-0.04128,-0.45917,0.09637,-0.03722,0.40317,0.15981,-0.05391,-0.06132,-0.76649,-0.05342,0.01169,0.25951,-0.11459,0.02486,0.39830,0.08917,-0.04855,0.09165,0.01193,0.01727,-0.00268,-0.24389,-0.00412,0.00429,0.40099,0.14452,0.02892,0.39846,0.65103,-0.07854,-0.01614,0.37151,0.04871,-0.00203,0.41331,0.15141,-0.09019,0.07073,-0.28038,-0.14904,-0.01984,0.24225,0.04259,-0.01037,0.42330,0.11766,-0.06357,-0.04531,0.83786,-0.25043,-0.04168,-0.46551,0.08230,-0.02687,0.46365,0.22871,-0.02141,0.03296,-0.73441,0.09080,0.01081,0.25560,-0.13300,0.02092,0.42366,0.13676,-0.05895,-0.00051,0.00268,-0.02481,-0.00560,-0.22486,0.06817,-0.01582,0.43821,0.19661,-0.09049,-0.00149
0.5500,55,0,0.5502,49.82,0.66886,0.04963,-0.02411,0.35552,0.00549,-0.01511,0.39950,0.07989,-0.13086,-0.11797,-0.23124,0.09859,-0.02593,0.22016,-0.00419,-0.00466,0.40546,0.10752,-0.01371,-0.08095,0.93125,0.21617,-0.04128,-0.45917,0.09637,-0.03722,0.40317,0.15981,-0.05391,-0.06132,-0.76649,-0.05342,0.01318,0.25951,-0.11459,0.02714,0.39830,0.08917,-0.04043,0.02976,0.01193,0.01727,-0.00268,-0.24389,-0.00412,0.00429,0.40099,0.14452,0.02892,0.39846,0.64690,-0.08635,-0.01565,0.37397,0.04966,-0.00183,0.42107,0.15875,-0.08687,0.06196,-0.28806,-0.15790,-0.01632,0.24451,0.04749,-0.00959,0.42935,0.12420,-0.06568,-0.03931,0.82485,-0.26955,-0.03632,-0.46108,0.09496,-0.02473,0.47506,0.22757,-0.01986,0.02930,-0.72974,0.09562,0.00888,0.24871,-0.14270,0.01862,0.43065,0.14295,-0.05897,-0.00036,0.00137,-0.02758,-0.00566,-0.22126,0.07568,-0.01481,0.44821,0.20305,-0.09055,-0.00109
0.6000,60,0,0.6002,50.01,0.66886,0.04963,-0.02411,0.35552,0.00549,-0.01511,0.39950,0.07989,-0.13086,-0.11797,-0.21852,0.13984,-0.03551,0.21705,-0.00519,-0.01035,0.41582,0.11800,-0.01744,-0.01425,0.95579,0.25734,-0.02657,-0.45012,0.12189,-0.03202,0.42352,0.20854,-0.05991,-0.03233,-0.77151,-0.06347,0.00798,0.24684,-0.13831,0.01996,0.40942,0.12752,-0.03773,0.01578,0.01367,0.01734,0.00480,-0.24605,-0.01045,0.00305,0.41532,0.15405,0.06589,0.29965,0.64240,-0.09387,-0.01500,0.37647,0.05051,-0.00163,0.42916,0.16491,-0.08397,0.05430,-0.29614,-0.16509,-0.01303,0.24700,0.05200,-0.00877,0.43571,0.13019,-0.06751,-0.03408,0.81095,-0.28611,-0.03121,-0.45604,0.10657,-0.02261,0.48639,0.22533,-0.01847,0.02608,-0.72486,0.09952,0.00703,0.24135,-0.15128,0.01637,0.43794,0.14863,-0.05899,-0.00023,-0.00008,-0.03035,-0.00562,-0.21730,0.08270,-0.01377,0.45850,0.20832,-0.09060,-0.00074
0.6500,65,0,0.6503,50.09,0.67619,0.08196,-0.02621,0.35603,0.00806,-0.00073,0.40554,0.06700,-0.14125,-0.07954,-0.21852,0.13984,-0.03551,0.21705,-0.00519,-0.01035,0.41582,0.11800,-0.01744,-0.01425,0.95579,0.25734,-0.02657,-0.45012,0.12189,-0.03202,0.42352,0.20854,-0.05991,-0.03233,-0.77151,-0.06347,0.00798,0.24684,-0.13831,0.01996,0.40942,0.12752,-0.03773,0.01578,0.01367,0.01734,0.00480,-0.24605,-0.01045,0.00305,0.41532,0.15405,0.06589,0.29965,0.63752,-0.10104,-0.01423,0.37902,0.05126,-0.00143,0.43754,0.17002,-0.08143,0.04761,-0.30454,-0.17073,-0.00999,0.24970,0.05610,-0.00795,0.44236,0.13565,-0.06910,-0.02951,0.79628,-0.30022,-0.02639,-0.45044,0.11715,-0.02056,0.49758,0.22224,-0.01724,0.02326,-0.71981,0.10254,0.00530,0.23360,-0.15878,0.01420,0.44551,0.15377,-0.05900,-0.00012,-0.00167,-0.03308,-0.00550,-0.21300,0.08919,-0.01272,0.46902,0.21258,-0.09062,-0.00043
0.7000,70,0,0.7001,49.84,0.67619,0.08196,-0.02621,0.35603,0.00806,-0.00073,0.40554,0.06700,-0.14125,-0.07954,-0.20354,0.16723,-0.02281,0.21774,0.00325,-0.00937,0.42933,0.13247,-0.01609,0.00238,0.97817,0.26013,-0.02657,-0.43080,0.16476,-0.03202,0.43938,0.19002,-0.05991,-0.03233,-0.77741,-0.06342,0.00798,0.23155,-0.15889,0.01996,0.42312,0.15149,-0.03773,0.01578,0.01547,0.01913,-0.00323,-0.24946,-0.02580,-0.00651,0.42912,0.13280,0.08508,-0.02811,0.63230,-0.10781,-0.01336,0.38160,0.05190,-0.00122,0.44615,0.17421,-0.07920,0.04177,-0.31319,-0.17494,-0.00724,0.25260,0.05980,-0.00715,0.44927,0.14060,-0.07047,-0.02552,0.78097,-0.31205,-0.02190,-0.44434,0.12675,-0.01860,0.50860,0.21852,-0.01614,0.02078,-0.71462,0.10474,0.00370,0.22549,-0.16523,0.01214,0.45331,0.15835,-0.05900,-0.00003,-0.00339,-0.03574,-0.00532,-0.20839,0.09518,-0.01168,0.47974,0.21597,-0.09064,-0.00016
0.7500,75,0,0.7502,50.11,0.67911,0.08876,-0.02161,0.35282,-0.01610,0.00334,0.40534,0.06972,-0.14715,-0.07458,-0.20354,0.16723,-0.02281,0.21774,0.00325,-0.00937,0.42933,0.13247,-0.01609,0.00238,0.97817,0.26013,-0.01722,-0.43080,0.16476,-0.02468,0.43938,0.19002,-0.06133,-0.00356,-0.77741,-0.06342,-0.00432,0.23155,-0.15889,0.01590,0.42312,0.15149,-0.03730,-0.04514,0.01547,0.01913,-0.00323,-0.24946,-0.02580,-0.00651,0.42912,0.13280,0.08508,-0.02811,0.62675,-0.11413,-0.01241,0.38421,0.05245,-0.00102,0.45495,0.17757,-0.07724,0.03667,-0.32202,-0.17787,-0.00477,0.25567,0.06312,-0.00639,0.45641,0.14509,-0.07166,-0.02204,0.76511,-0.32175,-0.01774,-0.43778,0.13542,-0.01675,0.51943,0.21434,-0.01516,0.01860,-0.70935,0.10619,0.00223,0.21709,-0.17071,0.01020,0.46133,0.16237,-0.05900,0.00005,-0.00524,-0.03829,-0.00508,-0.20349,0.10066,-0.01066,0.49061,0.21860,-0.09064,0.00008
0.8000,80,0,0.8004,50.12,0.67911,0.08876,-0.02161,0.35282,-0.01610,0.00334,0.40534,0.06972,-0.14715,-0.07458,-0.18684,0.18128,-0.02281,0.21884,0.01748,-0.00937,0.44332,0.14649,-0.01609,0.00238,1.00360,0.27045,-0.01370,-0.41590,0.16001,-0.01239,0.45969,0.20770,-0.06070,0.02464,-0.78352,-0.05834,-0.00728,0.21483,-0.17565,0.01748,0.43955,0.16872,-0.04148,-0.05216,0.01666,0.01465,0.00600,-0.25069,-0.00968,-0.02674,0.44323,0.13971,0.07469,-0.22487,0.62090,-0.11998,-0.01141,0.38684,0.05290,-0.00081,0.46389,0.18022,-0.07552,0.03222,-0.33096,-0.17966,-0.00256,0.25891,0.06608,-0.00568,0.46377,0.14911,-0.07268,-0.01901,0.74882,-0.32951,-0.01392,-0.43081,0.14320,-0.01500,0.53003,0.20985,-0.01428,0.01669,-0.70401,0.10695,0.00089,0.20844,-0.17526,0.00838,0.46954,0.16584,-0.05900,0.00011,-0.00722,-0.04071,-0.00479,-0.19833,0.10564,-0.00967,0.50159,0.22057,-0.09063,0.00030
0.8500,85,0,0.8502,49.80,0.68820,0.10545,-0.00993,0.34956,-0.02593,-0.00422,0.41293,0.09300,-0.15798,-0.08860,-0.18684,0.18128,-0.01325,0.21884,0.01748,0.00183,0.44332,0.14649,-0.01861,-0.02684,1.00360,0.27045,-0.01370,-0.41590,0.16001,-0.01239,0.45969,0.20770,-0.06070,0.02464,-0.78352,-0.05834,-0.00728,0.21483,-0.17565,0.01748,0.43955,0.16872,-0.04148,-0.05216,0.01666,0.01465,0.00600,-0.25069,-0.00968,-0.02674,0.44323,0.13971,0.07469,-0.22487,0.61476,-0.12532,-0.01037,0.38950,0.05325,-0.00061,0.47296,0.18222,-0.07401,0.02834,-0.33997,-0.18043,-0.00062,0.26228,0.06870,-0.00501,0.47132,0.15270,-0.07356,-0.01636,0.73219,-0.33547,-0.01043,-0.42347,0.15015,-0.01337,0.54041,0.20514,-0.01348,0.01501,-0.69866,0.10709,-0.00031,0.19958,-0.17894,0.00668,0.47791,0.16878,-0.05899,0.00016,-0.00931,-0.04299,-0.00448,-0.19293,0.11014,-0.00871,0.51266,0.22196,-0.09061,0.00048
0.9000,90,0,0.9007,50.51,0.68820,0.10545,-0.00993,0.34956,-0.02593,-0.00422,0.41293,0.09300,-0.15798,-0.08860,-0.16852,0.18364,0.00498,0.21871,0.01490,-0.01177,0.45549,0.12733,-0.01646,0.04796,1.03014,0.27743,-0.00765,-0.40098,0.16434,-0.01305,0.48093,0.21292,-0.06077,-0.00621,-0.78983,-0.05853,-0.00728,0.20345,-0.16442,0.01748,0.45907,0.18885,-0.04148,-0.05216,0.01675,0.00416,-0.00710,-0.24654,0.04149,-0.03158,0.45837,0.15464,0.04266,-0.51119,0.60837,-0.13014,-0.00930,0.39216,0.05350,-0.00041,0.48211,0.18366,-0.07268,0.02494,-0.34899,-0.18030,0.00109,0.26577,0.07100,-0.00440,0.47903,0.15587,-0.07432,-0.01405,0.71530,-0.33979,-0.00724,-0.41581,0.15633,-0.01185,0.55055,0.20032,-0.01277,0.01353,-0.69331,0.10667,-0.00139,0.19056,-0.18183,0.00512,0.48641,0.17122,-0.05898,0.00021,-0.01151,-0.04510,-0.00413,-0.18732,0.11419,-0.00778,0.52378,0.22284,-0.09058,0.00064
0.9500,95,0,0.9503,49.62,0.69724,0.09911,0.00155,0.35290,0.01454,-0.01565,0.42499,0.13661,-0.16487,-0.01438,-0.16852,0.18364,0.00498,0.21871,0.01490,-0.01177,0.45549,0.12733,-0.01646,0.04796,1.03014,0.27743,-0.00765,-0.40098,0.16434,-0.01305,0.48093,0.21292,-0.06077,-0.00621,-0.78983,-0.05853,-0.00942,0.20345,-0.16442,0.01630,0.45907,0.18885,-0.05014,-0.03514,0.01675,0.00416,-0.00710,-0.24654,0.04149,-0.03158,0.45837,0.15464,0.04266,-0.51119,0.60176,-0.13444,-0.00823,0.39484,0.05365,-0.00022,0.49131,0.18460,-0.07151,0.02198,-0.35798,-0.17939,0.00258,0.26937,0.07302,-0.00383,0.48690,0.15864,-0.07497,-0.01203,0.69824,-0.34262,-0.00435,-0.40785,0.16179,-0.01043,0.56044,0.19545,-0.01213,0.01223,-0.68800,0.10575,-0.00234,0.18141,-0.18399,0.00368,0.49502,0.17318,-0.05897,0.00025,-0.01382,-0.04704,-0.00376,-0.18152,0.11779,-0.00690,0.53493,0.22328,-0.09055,0.00079
1.0000,100,1,1.0003,50.05,0.69724,0.09911,0.00155,0.35290,0.01454,-0.01565,0.42499,0.13661,-0.16487,-0.01438,-0.15302,0.16684,-0.00352,0.22392,0.04210,0.01181,0.46773,0.11204,-0.01463,0.00925,1.05481,0.27136,-0.00351,-0.38024,0.18384,-0.00902,0.49782,0.19461,-0.05835,-0.01916,-0.79086,-0.02923,-0.01005,0.18371,-0.19219,0.01585,0.47444,0.15383,-0.05232,0.03820,0.01814,0.01112,-0.01003,-0.24372,0.05355,0.00455,0.47563,0.19213,-0.00597,-0.34782,0.69724,0.09911,0.00155,0.35290,0.01454,-0.01565,0.42499,0.13661,-0.16487,-0.01438,-0.15302,0.16684,-0.00352,0.22392,0.04210,0.01181,0.46773,0.11204,-0.01463,0.00925,1.05481,0.27136,-0.00351,-0.38024,0.18384,-0.00902,0.49782,0.19461,-0.05835,-0.01916,-0.79086,-0.02923,-0.01005,0.18371,-0.19219,0.01585,0.47444,0.15383,-0.05232,0.03820,0.01814,0.01112,-0.01003,-0.24372,0.05355,0.00455,0.47563,0.19213,-0.00597,-0.34782
1.0500,105,1,1.0501,49.77,0.70560,0.09482,-0.00390,0.35411,0.01829,0.00473,0.43714,0.14894,-0.16085,0.03075,-0.15302,0.16684,-0.00352,0.22392,0.04210,0.01181,0.46773,0.11204,-0.01463,0.00925,1.05481,0.27136,-0.00351,-0.38024,0.18384,-0.00902,0.49782,0.19461,-0.05835,-0.01916,-0.79086,-0.02923,-0.01005,0.18371,-0.19219,0.01585,0.47444,0.15383,-0.05232,0.03820,0.01814,0.01112,-0.01003,-0.24372,0.05355,0.00455,0.47563,0.19213,-0.00597,-0.34782,0.70219,0.09864,-0.00341,0.35381,0.02141,-0.01253,0.43229,0.15449,-0.16548,-0.01012,-0.14491,0.15463,-0.04275,0.22590,0.03768,0.00654,0.47353,0.12006,-0.01424,0.00643,1.06808,0.25462,-0.06001,-0.37094,0.18784,-0.00734,0.50776,0.20247,-0.05924,-0.01656,-0.79234,-0.02819,0.01251,0.17392,-0.19873,0.01104,0.48207,0.15179,-0.05055,0.03253,0.01860,0.00769,-0.00447,-0.24107,0.05296,-0.00165,0.48545,0.20044,-0.02222,-0.30299
1.1000,110,1,1.1001,50.04,0.70560,0.09482,-0.00390,0.35411,0.01829,0.00473,0.43714,0.14894,-0.16085,0.03075,-0.13695,0.16291,-0.02138,0.22829,0.02978,0.01736,0.47767,0.08566,-0.01199,0.06615,1.08130,0.27717,-0.04415,-0.36412,0.17946,-0.01298,0.52101,0.21396,-0.06103,-0.02789,-0.79366,-0.02458,-0.01005,0.16741,-0.19239,0.01585,0.48823,0.14822,-0.05232,0.03820,0.01980,0.02743,-0.01610,-0.23831,0.04217,0.00651,0.49555,0.20004,-0.03414,-0.28729,0.70706,0.09582,-0.00804,0.35502,0.02694,-0.01011,0.44037,0.16833,-0.16589,-0.00643,-0.13780,0.12772,-0.06462,0.22772,0.03541,0.00294,0.47972,0.12729,-0.01398,0.00402,1.07992,0.21633,-0.09293,-0.36147,0.19109,-0.00594,0.51803,0.20774,-0.06001,-0.01426,-0.79353,-0.01840,0.02618,0.16387,-0.20320,0.00733,0.48965,0.15161,-0.04905,0.02759,0.01894,0.00633,-0.00139,-0.23839,0.05479,-0.00553,0.49565,0.20729,-0.03636,-0.26380
1.1500,115,1,1.1501,49.92,0.71439,0.10089,-0.01664,0.35297,-0.00057,0.00090,0.45223,0.14168,-0.16440,-0.03002,-0.13695,0.16291,-0.02138,0.22829,0.02978,0.01736,0.47767,0.08566,-0.01199,0.06615,1.08130,0.27717,-0.04415,-0.36412,0.17946,-0.01298,0.52101,0.21396,-0.06103,-0.02789,-0.79366,-0.02458,0.01545,0.16741,-0.19239,0.00606,0.48823,0.14822,-0.04779,0.08606,0.01980,0.02743,-0.01610,-0.23831,0.04217,0.00651,0.49555,0.20004,-0.03414,-0.28729,0.71174,0.09084,-0.01218,0.35649,0.03141,-0.00820,0.44907,0.17903,-0.16613,-0.00323,-0.13226,0.09310,-0.07502,0.22947,0.03461,0.00049,0.48625,0.13374,-0.01383,0.00195,1.08951,0.16603,-0.11005,-0.35184,0.19370,-0.00474,0.52850,0.21086,-0.06067,-0.01225,-0.79410,-0.00348,0.03383,0.15363,-0.20605,0.00443,0.49725,0.15263,-0.04778,0.02327,0.01925,0.00607,0.00009,-0.23557,0.05812,-0.00782,0.50616,0.21287,-0.04868,-0.22954
1.2000,120,1,1.1999,49.82,0.71439,0.10089,-0.01664,0.35297,-0.00057,0.00090,0.45223,0.14168,-0.16440,-0.03002,-0.11864,0.21953,-0.08477,0.22899,0.00088,0.01620,0.48503,0.05703,-0.00833,0.07394,1.11131,0.36783,-0.12562,-0.34388,0.18259,-0.00115,0.53820,0.15953,-0.06457,0.02725,-0.79781,-0.05885,0.05017,0.14761,-0.19689,0.00725,0.50046,0.12360,-0.03923,0.03649,0.02264,0.02913,0.01305,-0.23480,0.04170,0.00045,0.51355,0.16456,-0.06054,-0.17007,0.71611,0.08396,-0.01575,0.35815,0.03504,-0.00666,0.45824,0.18727,-0.16622,-0.00047,-0.12854,0.05534,-0.07796,0.23120,0.03480,-0.00116,0.49308,0.13946,-0.01378,0.00018,1.09643,0.11007,-0.11675,-0.34210,0.19577,-0.00370,0.53908,0.21221,-0.06124,-0.01048,-0.79384,0.01413,0.03742,0.14329,-0.20764,0.00212,0.50492,0.15441,-0.04672,0.01951,0.01956,0.00626,0.00057,-0.23256,0.06229,-0.00905,0.51692,0.21734,-0.05939,-0.19959
1.2500,125,1,1.2513,51.41,0.72276,0.10626,-0.01001,0.35465,0.01932,-0.00312,0.46381,0.08785,-0.16443,0.05667,-0.11864,0.21953,-0.08477,0.22899,0.00088,0.01620,0.48503,0.05703,-0.00833,0.07394,1.11131,0.36783,-0.12562,-0.34388,0.18259,-0.00115,0.53820,0.15953,-0.06457,0.02725,-0.79781,-0.05885,0.05017,0.14761,-0.19689,0.00725,0.50046,0.12360,-0.03923,0.03649,0.02264,0.02913,0.01305,-0.23480,0.04170,0.00045,0.51355,0.16456,-0.06054,-0.17007,0.72010,0.07549,-0.01871,0.35998,0.03799,-0.00540,0.46777,0.19354,-0.16618,0.00193,-0.12673,0.01738,-0.07620,0.23296,0.03566,-0.00225,0.50019,0.14451,-0.01381,-0.00133,1.10049,0.05260,-0.11669,-0.33227,0.19735,-0.00276,0.54970,0.21215,-0.06172,-0.00892,-0.79267,0.03279,0.03831,0.13289,-0.20820,0.00025,0.51270,0.15659,-0.04582,0.01623,0.01988,0.00653,0.00044,-0.22933,0.06688,-0.00957,0.52788,0.22085,-0.06870,-0.17341
1.3000,130,1,1.2998,48.54,0.72276,0.10626,-0.01001,0.35465,0.01932,-0.00312,0.46381,0.08785,-0.16443,0.05667,-0.09084,0.30392,-0.08019,0.22611,-0.01063,0.00470,0.49140,0.06080,-0.00256,0.04381,1.15335,0.47507,-0.11982,-0.32829,0.16288,-0.00215,0.55330,0.12640,-0.06307,0.03115,-0.80712,-0.10880,0.05017,0.12879,-0.18942,0.00725,0.51297,0.11244,-0.03923,0.03649,0.02667,0.03357,0.00804,-0.24059,-0.01015,0.00352,0.52613,0.12564,-0.06524,0.10112,0.72364,0.06571,-0.02107,0.36194,0.04037,-0.00436,0.47757,0.19822,-0.16603,0.00399,-0.12678,-0.01895,-0.07160,0.23477,0.03695,-0.00295,0.50752,0.14894,-0.01391,-0.00262,1.10171,-0.00371,-0.11237,-0.32238,0.19849,-0.00192,0.56028,0.21095,-0.06213,-0.00755,-0.79056,0.05143,0.03744,0.12248,-0.20794,-0.00129,0.52059,0.15894,-0.04509,0.01338,0.02021,0.00664,-0.00003,-0.22587,0.07160,-0.00960,0.53899,0.22351,-0.07679,-0.15053
1.3500,135,1,1.3506,50.77,0.73325,0.11625,-0.01775,0.35419,0.00393,0.00517,0.47017,0.04381,-0.15740,0.17416,-0.09084,0.30392,-0.08019,0.22611,-0.01063,0.00470,0.49140,0.06080,-0.00256,0.04381,1.15335,0.47507,-0.11982,-0.32829,0.16288,-0.00215,0.55330,0.12640,-0.06307,0.03115,-0.80712,-0.10880,0.04349,0.12879,-0.18942,-0.00586,0.51297,0.11244,-0.03460,0.04329,0.02667,0.03357,0.00804,-0.24059,-0.01015,0.00352,0.52613,0.12564,-0.06524,0.10112,0.72666,0.05491,-0.02285,0.36401,0.04229,-0.00347,0.48757,0.20162,-0.16579,0.00577,-0.12858,-0.05260,-0.06540,0.23666,0.03851,-0.00339,0.51507,0.15280,-0.01407,-0.00372,1.10017,-0.05722,-0.10549,-0.31243,0.19924,-0.00114,0.57078,0.20888,-0.06248,-0.00634,-0.78754,0.06934,0.03546,0.11210,-0.20698,-0.00256,0.52859,0.16127,-0.04448,0.01089,0.02054,0.00647,-0.00066,-0.22217,0.07626,-0.00933,0.55022,0.22542,-0.08380,-0.13052
1.4000,140,1,1.4003,49.67,0.73325,0.11625,-0.01775,0.35419,0.00393,0.00517,0.47017,0.04381,-0.15740,0.17416,-0.05335,0.39736,-0.05884,0.21886,-0.04586,-0.00291,0.49559,0.05942,0.00588,0.08757,1.20357,0.57690,-0.10518,-0.31155,0.14477,0.00247,0.56241,0.08817,-0.06164,0.02618,-0.82036,-0.15486,0.04349,0.11090,-0.17712,-0.00586,0.52493,0.11551,-0.03460,0.04329,0.02984,0.02258,0.00408,-0.23951,0.00798,-0.01541,0.53614,0.08696,-0.04693,0.27949,0.72912,0.04338,-0.02410,0.36616,0.04380,-0.00271,0.49771,0.20394,-0.16546,0.00730,-0.13198,-0.08299,-0.05844,0.23863,0.04024,-0.00364,0.52280,0.15614,-0.01428,-0.00465,1.09605,-0.10697,-0.09720,-0.30246,0.19962,-0.00043,0.58115,0.20612,-0.06277,-0.00528,-0.78364,0.08610,0.03280,0.10179,-0.20546,-0.00362,0.53671,0.16348,-0.04399,0.00872,0.02085,0.00599,-0.00133,-0.21825,0.08072,-0.00886,0.56152,0.22669,-0.08988,-0.11304
1.4500,145,1,1.4505,50.22,0.74392,0.12314,-0.02209,0.36066,0.03062,-0.00039,0.47400,0.02825,-0.14041,0.16424,-0.05335,0.39736,-0.05884,0.21886,-0.04586,-0.00291,0.49559,0.05942,0.00588,0.08757,1.20357,0.57690,-0.10518,-0.31155,0.14477,0.00247,0.56241,0.08817,-0.06164,0.02618,-0.82036,-0.15486,0.04217,0.11090,-0.17712,-0.00996,0.52493,0.11551,-0.02916,0.01307,0.02984,0.02258,0.00408,-0.23951,0.00798,-0.01541,0.53614,0.08696,-0.04693,0.27949,0.73099,0.03135,-0.02486,0.36838,0.04496,-0.00204,0.50795,0.20540,-0.16506,0.00861,-0.13682,-0.10989,-0.05125,0.24068,0.04205,-0.00375,0.53068,0.15901,-0.01453,-0.00544,1.08954,-0.15247,-0.08824,-0.29248,0.19967,0.00024,0.59138,0.20285,-0.06301,-0.00434,-0.77895,0.10146,0.02977,0.09156,-0.20346,-0.00452,0.54494,0.16547,-0.04360,0.00683,0.02113,0.00518,-0.00197,-0.21411,0.08493,-0.00827,0.57288,0.22738,-0.09514,-0.09776
1.5000,150,1,1.5003,49.82,0.74392,0.12314,-0.02209,0.36066,0.03062,-0.00039,0.47400,0.02825,-0.14041,0.16424,-0.01440,0.42327,-0.05884,0.21869,-0.01103,-0.00291,0.50107,0.07847,0.00588,0.08757,1.26724,0.67160,-0.10518,-0.29432,0.14974,0.00247,0.56772,0.06314,-0.06164,0.02618,-0.82036,-0.15486,0.04217,0.11090,-0.17712,-0.00996,0.52493,0.11551,-0.02916,0.01307,0.03268,0.02232,-0.00295,-0.23960,0.02862,-0.02094,0.54299,0.09069,-0.00968,0.47025,0.73225,0.01906,-0.02520,0.37065,0.04581,-0.00146,0.51824,0.20611,-0.16460,0.00973,-0.14291,-0.13329,-0.04418,0.24283,0.04390,-0.00377,0.53869,0.16143,-0.01482,-0.00610,1.08087,-0.19351,-0.07912,-0.28250,0.19940,0.00086,0.60143,0.19922,-0.06320,-0.00351,-0.77352,0.11528,0.02657,0.08145,-0.20105,-0.00527,0.55325,0.16720,-0.04330,0.00519,0.02136,0.00406,-0.00255,-0.20976,0.08882,-0.00760,0.58425,0.22758,-0.09969,-0.08440
1.5500,155,1,1.5502,49.90,0.75712,0.14475,-0.03128,0.36269,0.01773,0.00786,0.47808,0.06372,-0.12987,0.01699,-0.01440,0.42327,-0.03595,0.21869,-0.01103,-0.01385,0.50107,0.07847,0.01770,0.04702,1.26724,0.67160,-0.09128,-0.29432,0.14974,0.00217,0.56772,0.06314,-0.05847,0.03119,-0.83720,-0.19402,0.03163,0.09962,-0.14138,-0.01009,0.53614,0.13452,-0.02958,0.00699,0.03268,0.02232,-0.00295,-0.23960,0.02862,-0.02094,0.54299,0.09069,-0.00968,0.47025,0.73289,0.00670,-0.02516,0.37296,0.04640,-0.00093,0.52855,0.20622,-0.16409,0.01069,-0.15009,-0.15328,-0.03743,0.24507,0.04574,-0.00372,0.54681,0.16345,-0.01514,-0.00665,1.07026,-0.23011,-0.07015,-0.27254,0.19883,0.00145,0.61130,0.19532,-0.06336,-0.00278,-0.76745,0.12752,0.02335,0.07147,-0.19830,-0.00591,0.56165,0.16863,-0.04308,0.00377,0.02153,0.00269,-0.00304,-0.20523,0.09238,-0.00690,0.59563,0.22732,-0.10361,-0.07273
1.6000,160,1,1.6004,50.19,0.75712,0.14475,-0.03128,0.36269,0.01773,0.00786,0.47808,0.06372,-0.12987,0.01699,0.02965,0.46310,-0.03540,0.21883,0.00665,-0.01730,0.51103,0.11820,0.01671,-0.12596,1.33537,0.74578,-0.06905,-0.27720,0.14725,-0.00010,0.57316,0.08107,-0.05327,0.02183,-0.85742,-0.21811,0.03163,0.08512,-0.13358,-0.01009,0.54775,0.12796,-0.02958,0.00699,0.03632,0.03584,-0.01303,-0.23566,0.05172,-0.01252,0.55243,0.12108,0.02954,0.29288,0.73292,-0.00557,-0.02480,0.37529,0.04674,-0.00046,0.53885,0.20581,-0.16353,0.01151,-0.15819,-0.17008,-0.03113,0.24740,0.04755,-0.00363,0.55503,0.16510,-0.01548,-0.00712,1.05793,-0.26239,-0.06153,-0.26262,0.19798,0.00201,0.62096,0.19126,-0.06348,-0.00214,-0.76080,0.13820,0.02019,0.06163,-0.19527,-0.00644,0.57011,0.16974,-0.04292,0.00253,0.02163,0.00110,-0.00342,-0.20053,0.09559,-0.00619,0.60698,0.22668,-0.10699,-0.06254
1.6500,165,1,1.6506,50.18,0.77460,0.18772,-0.03757,0.35610,-0.03454,0.00484,0.48465,0.11270,-0.13046,-0.04018,0.02965,0.46310,-0.03540,0.21883,0.00665,-0.01730,0.51103,0.11820,0.01671,-0.12596,1.33537,0.74578,-0.06905,-0.27720,0.14725,-0.00010,0.57316,0.08107,-0.05327,0.02183,-0.85742,-0.21811,0.02143,0.08512,-0.13358,-0.00863,0.54775,0.12796,-0.03008,0.03324,0.03632,0.03584,-0.01303,-0.23566,0.05172,-0.01252,0.55243,0.12108,0.02954,0.29288,0.73234,-0.01759,-0.02417,0.37763,0.04685,-0.00003,0.54912,0.20496,-0.16294,0.01220,-0.16705,-0.18390,-0.02534,0.24983,0.04930,-0.00350,0.56332,0.16640,-0.01585,-0.00750,1.04409,-0.29055,-0.05337,-0.25275,0.19686,0.00254,0.63042,0.18710,-0.06358,-0.00157,-0.75365,0.14735,0.01715,0.05194,-0.19200,-0.00689,0.57862,0.17055,-0.04283,0.00145,0.02164,-0.00065,-0.00370,-0.19568,0.09845,-0.00548,0.61829,0.22569,-0.10989,-0.05363
1.7000,170,1,1.7003,49.75,0.77460,0.18772,-0.03757,0.35610,-0.03454,0.00484,0.48465,0.11270,-0.13046,-0.04018,0.07747,0.49266,-0.01919,0.22031,0.01874,0.00686,0.52367,0.13812,-0.00000,-0.19114,1.41039,0.79984,-0.04906,-0.26500,0.13457,-0.00068,0.58774,0.15927,-0.05583,-0.01413,-0.87697,-0.22263,0.01152,0.06932,-0.13589,-0.00636,0.55796,0.12709,-0.02721,0.05077,0.04255,0.05363,-0.00819,-0.22641,0.07915,-0.00132,0.56760,0.17413,0.05056,0.16265,0.73117,-0.02924,-0.02332,0.37997,0.04677,0.00036,0.55934,0.20374,-0.16232,0.01278,-0.17653,-0.19502,-0.02007,0.25233,0.05098,-0.00335,0.57166,0.16737,-0.01623,-0.00781,1.02894,-0.31483,-0.04573,-0.24294,0.19549,0.00305,0.63967,0.18292,-0.06364,-0.00107,-0.74609,0.15505,0.01428,0.04243,-0.18853,-0.00725,0.58716,0.17104,-0.04278,0.00052,0.02156,-0.00252,-0.00388,-0.19069,0.10096,-0.00478,0.62954,0.22440,-0.11237,-0.04584
1.7500,175,1,1.7507,50.33,0.79526,0.22523,-0.02932,0.35220,-0.04296,0.00095,0.49859,0.16768,-0.13659,-0.09191,0.07747,0.49266,-0.01919,0.22031,0.01874,0.00686,0.52367,0.13812,-0.00000,-0.19114,1.41039,0.79984,-0.04906,-0.26500,0.13457,-0.00068,0.58774,0.15927,-0.05583,-0.01413,-0.87697,-0.22263,0.01152,0.06932,-0.13589,-0.00636,0.55796,0.12709,-0.02721,0.05077,0.04255,0.05363,-0.00819,-0.22641,0.07915,-0.00132,0.56760,0.17413,0.05056,0.16265,0.72942,-0.04043,-0.02228,0.38230,0.04650,0.00072,0.56949,0.20222,-0.16166,0.01327,-0.18651,-0.20367,-0.01532,0.25492,0.05258,-0.00318,0.58005,0.16804,-0.01663,-0.00807,1.01267,-0.33550,-0.03864,-0.23320,0.19387,0.00353,0.64871,0.17874,-0.06368,-0.00062,-0.73817,0.16139,0.01158,0.03309,-0.18489,-0.00755,0.59572,0.17123,-0.04277,-0.00028,0.02139,-0.00445,-0.00397,-0.18559,0.10314,-0.00410,0.64072,0.22284,-0.11449,-0.03904
1.8000,180,1,1.8003,49.59,0.79526,0.22523,-0.02932,0.35220,-0.04296,0.00095,0.49859,0.16768,-0.13659,-0.09191,0.12027,0.47393,0.00522,0.22335,0.02614,0.01563,0.54650,0.19029,-0.01909,-0.09830,1.48540,0.81856,-0.03527,-0.25017,0.13102,0.00984,0.60380,0.20120,-0.05553,0.01395,-0.89992,-0.23460,0.00752,0.05757,-0.12046,-0.01486,0.57202,0.15691,-0.02098,0.03809,0.04752,0.05987,-0.00717,-0.22129,0.08299,-0.01038,0.58308,0.19892,0.06425,0.10219,0.72713,-0.05108,-0.02111,0.38462,0.04607,0.00106,0.57956,0.20042,-0.16099,0.01367,-0.19686,-0.21012,-0.01106,0.25759,0.05410,-0.00299,0.58846,0.16844,-0.01704,-0.00827,0.99545,-0.35282,-0.03208,-0.22355,0.19203,0.00400,0.65755,0.17462,-0.06370,-0.00022,-0.72997,0.16644,0.00908,0.02394,-0.18113,-0.00778,0.60428,0.17114,-0.04280,-0.00098,0.02111,-0.00640,-0.00398,-0.18038,0.10499,-0.00345,0.65182,0.22103,-0.11629,-0.03311
1.8500,185,1,1.8502,49.98,0.80810,0.21760,-0.02996,0.35780,-0.01477,0.00315,0.52595,0.23573,-0.13879,-0.03787,0.12027,0.47393,0.00522,0.22335,0.02614,0.01563,0.54650,0.19029,-0.01909,-0.09830,1.48540,0.81856,-0.03527,-0.25017,0.13102,0.00984,0.60380,0.20120,-0.05553,0.01395,-0.89992,-0.23460,0.00752,0.05757,-0.12046,-0.01486,0.57202,0.15691,-0.02098,0.03809,0.04752,0.05987,-0.00717,-0.22129,0.08299,-0.01038,0.58308,0.19892,0.06425,0.10219,0.72433,-0.06112,-0.01982,0.38691,0.04547,0.00137,0.58953,0.19840,-0.16030,0.01400,-0.20749,-0.21460,-0.00728,0.26033,0.05552,-0.00279,0.59689,0.16857,-0.01745,-0.00843,0.97744,-0.36706,-0.02605,-0.21400,0.18996,0.00445,0.66618,0.17057,-0.06371,0.00013,-0.72155,0.17032,0.00677,0.01498,-0.17727,-0.00795,0.61283,0.17078,-0.04287,-0.00158,0.02075,-0.00834,-0.00391,-0.17509,0.10653,-0.00282,0.66282,0.21902,-0.11781,-0.02792
1.9000,190,1,1.9000,49.78,0.80810,0.21760,-0.02996,0.35780,-0.01477,0.00315,0.52595,0.23573,-0.13879,-0.03787,0.16991,0.47985,0.00425,0.22274,-0.00385,0.00748,0.56569,0.19330,-0.02462,0.05491,1.56357,0.82763,-0.01740,-0.23754,0.11623,0.00912,0.62508,0.24381,-0.05228,0.01555,-0.92099,-0.22416,0.00752,0.04553,-0.11469,-0.01486,0.58747,0.17383,-0.02098,0.03809,0.05406,0.07327,-0.00717,-0.21655,0.08121,-0.01038,0.60446,0.23054,0.06425,0.10219,0.72103,-0.07051,-0.01845,0.38916,0.04472,0.00166,0.59939,0.19619,-0.15959,0.01427,-0.21830,-0.21734,-0.00393,0.26314,0.05684,-0.00258,0.60531,0.16846,-0.01788,-0.00856,0.95879,-0.37846,-0.02052,-0.20456,0.18767,0.00488,0.67461,0.16663,-0.06369,0.00044,-0.71296,0.17312,0.00466,0.00622,-0.17334,-0.00808,0.62135,0.17017,-0.04296,-0.00210,0.02028,-0.01022,-0.00377,-0.16973,0.10777,-0.00222,0.67372,0.21681,-0.11909,-0.02340
1.9500,195,1,1.9506,50.54,0.83279,0.24981,-0.02517,0.35516,-0.02784,-0.00093,0.55128,0.23689,-0.13396,0.03265,0.16991,0.47985,0.00425,0.22274,-0.00385,0.00748,0.56569,0.19330,-0.02462,0.05491,1.56357,0.82763,-0.01740,-0.23754,0.11623,0.00912,0.62508,0.24381,-0.05228,0.01555,-0.92099,-0.22416,-0.00568,0.04553,-0.11469,0.00041,0.58747,0.17383,-0.01994,0.01187,0.05406,0.07327,-0.02150,-0.21655,0.08121,-0.00697,0.60446,0.23054,0.07073,-0.06506,0.71729,-0.07921,-0.01704,0.39138,0.04384,0.00194,0.60914,0.19382,-0.15887,0.01449,-0.22920,-0.21853,-0.00098,0.26601,0.05805,-0.00237,0.61373,0.16812,-0.01831,-0.00865,0.93964,-0.38727,-0.01546,-0.19524,0.18517,0.00531,0.68284,0.16280,-0.06366,0.00072,-0.70425,0.17493,0.00274,-0.00235,-0.16935,-0.00815,0.62984,0.16932,-0.04308,-0.00255,0.01972,-0.01203,-0.00358,-0.16432,0.10871,-0.00164,0.68450,0.21444,-0.12016,-0.01945
