t,x0,y0,x1,y1,x2,y2,x3,y3,x4,y4,xd,yd
0.0000,0.54703,0.57793,-0.34644,0.58594,0.57973,0.03110,-0.38563,-0.18363,0.09645,0.35186,0.10000,0.04000
0.0500,0.54571,0.57481,-0.34727,0.58490,0.58123,0.03188,-0.38661,-0.18341,0.09527,0.35507,0.10000,0.04881
0.1000,0.54547,0.57281,-0.34827,0.58352,0.58223,0.03186,-0.38768,-0.18332,0.09406,0.35758,0.10000,0.05763
0.1500,0.54585,0.57158,-0.34961,0.58186,0.58241,0.03105,-0.38883,-0.18323,0.09276,0.35947,0.10000,0.06644
0.2000,0.54655,0.57089,-0.35137,0.57996,0.58163,0.02948,-0.39002,-0.18306,0.09131,0.36079,0.10000,0.07526
0.2500,0.54734,0.57056,-0.35359,0.57787,0.57982,0.02723,-0.39126,-0.18277,0.08970,0.36159,0.10000,0.08407
0.3000,0.54807,0.57047,-0.35627,0.57564,0.57697,0.02436,-0.39254,-0.18232,0.08791,0.36192,0.10000,0.09289
0.3500,0.54863,0.57054,-0.35937,0.57331,0.57312,0.02097,-0.39385,-0.18171,0.08593,0.36183,0.10000,0.10170
0.4000,0.54895,0.57068,-0.36286,0.57091,0.56834,0.01712,-0.39520,-0.18094,0.08377,0.36135,0.10000,0.11052
0.4500,0.54897,0.57086,-0.36669,0.56848,0.56269,0.01291,-0.39660,-0.18002,0.08142,0.36051,0.10000,0.11933
0.5000,0.54867,0.57103,-0.37083,0.56605,0.55627,0.00840,-0.39805,-0.17895,0.07890,0.35936,0.10000,0.12815
0.5500,0.54803,0.57118,-0.37522,0.56364,0.54914,0.00367,-0.39956,-0.17774,0.07620,0.35791,0.10000,0.13696
0.6000,0.54703,0.57129,-0.37982,0.56127,0.54140,-0.00123,-0.40113,-0.17642,0.07335,0.35620,0.10000,0.14578
0.6500,0.54569,0.57134,-0.38460,0.55895,0.53311,-0.00623,-0.40277,-0.17499,0.07035,0.35426,0.10000,0.15459
0.7000,0.54401,0.57133,-0.38951,0.55671,0.52436,-0.01128,-0.40448,-0.17348,0.06721,0.35211,0.10000,0.16341
0.7500,0.54200,0.57124,-0.39452,0.55456,0.51521,-0.01634,-0.40626,-0.17189,0.06394,0.34978,0.10000,0.17222
0.8000,0.53966,0.57109,-0.39961,0.55249,0.50573,-0.02135,-0.40812,-0.17023,0.06056,0.34728,0.10000,0.18104
0.8500,0.53703,0.57087,-0.40473,0.55052,0.49598,-0.02629,-0.41006,-0.16853,0.05708,0.34465,0.10000,0.18985
0.9000,0.53410,0.57057,-0.40988,0.54866,0.48601,-0.03111,-0.41207,-0.16680,0.05352,0.34188,0.10000,0.19867
0.9500,0.53092,0.57021,-0.41503,0.54691,0.47587,-0.03580,-0.41417,-0.16504,0.04987,0.33902,0.10000,0.20748
1.0000,0.52748,0.56979,-0.42017,0.54526,0.46562,-0.04032,-0.41634,-0.16326,0.04616,0.33606,0.10000,0.21630
1.0500,0.52382,0.56931,-0.42527,0.54372,0.45529,-0.04465,-0.41859,-0.16148,0.04239,0.33304,0.10000,0.22511
1.1000,0.51995,0.56877,-0.43032,0.54229,0.44493,-0.04878,-0.42091,-0.15971,0.03858,0.32995,0.10000,0.23393
1.1500,0.51589,0.56817,-0.43531,0.54097,0.43456,-0.05268,-0.42331,-0.15795,0.03474,0.32682,0.10000,0.24274
1.2000,0.51167,0.56753,-0.44024,0.53975,0.42422,-0.05634,-0.42577,-0.15622,0.03087,0.32365,0.10000,0.25156
1.2500,0.50731,0.56684,-0.44509,0.53864,0.41395,-0.05976,-0.42830,-0.15452,0.02700,0.32046,0.10000,0.26037
1.3000,0.50282,0.56611,-0.44985,0.53762,0.40376,-0.06293,-0.43089,-0.15285,0.02312,0.31726,0.10000,0.26918
1.3500,0.49822,0.56534,-0.45452,0.53670,0.39369,-0.06584,-0.43353,-0.15122,0.01924,0.31405,0.10000,0.27800
1.4000,0.49354,0.56454,-0.45909,0.53587,0.38375,-0.06848,-0.43622,-0.14965,0.01538,0.31084,0.10000,0.28681
1.4500,0.48879,0.56370,-0.46357,0.53514,0.37397,-0.07085,-0.43896,-0.14812,0.01155,0.30764,0.10000,0.29563
1.5000,0.48398,0.56284,-0.46793,0.53448,0.36436,-0.07295,-0.44174,-0.14666,0.00775,0.30445,0.10000,0.30444
1.5500,0.47915,0.56195,-0.47219,0.53391,0.35494,-0.07479,-0.44455,-0.14526,0.00399,0.30128,0.10000,0.31326
1.6000,0.47430,0.56103,-0.47634,0.53340,0.34573,-0.07636,-0.44739,-0.14393,0.00027,0.29814,0.10000,0.32207
1.6500,0.46944,0.56009,-0.48037,0.53297,0.33674,-0.07768,-0.45024,-0.14266,-0.00339,0.29503,0.10000,0.33089
1.7000,0.46461,0.55912,-0.48428,0.53261,0.32798,-0.07873,-0.45312,-0.14147,-0.00698,0.29194,0.10000,0.33970
1.7500,0.45979,0.55813,-0.48808,0.53230,0.31947,-0.07954,-0.45600,-0.14036,-0.01051,0.28889,0.10000,0.34852
1.8000,0.45503,0.55712,-0.49176,0.53205,0.31122,-0.08010,-0.45888,-0.13933,-0.01397,0.28587,0.10000,0.35733
1.8500,0.45031,0.55608,-0.49531,0.53185,0.30323,-0.08042,-0.46176,-0.13838,-0.01734,0.28289,0.10000,0.36615
1.9000,0.44567,0.55503,-0.49875,0.53169,0.29552,-0.08052,-0.46462,-0.13752,-0.02063,0.27994,0.10000,0.37496
1.9500,0.44110,0.55394,-0.50205,0.53158,0.28810,-0.08041,-0.46747,-0.13674,-0.02383,0.27704,0.10000,0.38378
2.0000,0.43662,0.55283,-0.50523,0.53150,0.28097,-0.08008,-0.47030,-0.13605,-0.02693,0.27416,0.10000,0.39259
2.0500,0.43224,0.55170,-0.50829,0.53145,0.27414,-0.07957,-0.47309,-0.13545,-0.02993,0.27132,0.10000,0.40141
2.1000,0.42797,0.55053,-0.51121,0.53142,0.26763,-0.07887,-0.47585,-0.13495,-0.03283,0.26852,0.10000,0.41022
2.1500,0.42381,0.54934,-0.51400,0.53142,0.26143,-0.07800,-0.47857,-0.13453,-0.03561,0.26575,0.10000,0.41904
2.2000,0.41978,0.54811,-0.51665,0.53143,0.25556,-0.07698,-0.48124,-0.13421,-0.03829,0.26301,0.10000,0.42785
2.2500,0.41588,0.54685,-0.51916,0.53145,0.25002,-0.07581,-0.48386,-0.13399,-0.04084,0.26029,0.10000,0.43667
2.3000,0.41212,0.54555,-0.52154,0.53147,0.24482,-0.07452,-0.48642,-0.13387,-0.04328,0.25760,0.10000,0.44548
2.3500,0.40849,0.54420,-0.52377,0.53148,0.23997,-0.07312,-0.48892,-0.13384,-0.04559,0.25494,0.10000,0.45430
2.4000,0.40502,0.54282,-0.52585,0.53149,0.23548,-0.07163,-0.49135,-0.13391,-0.04777,0.25229,0.10000,0.46311
2.4500,0.40169,0.54139,-0.52777,0.53149,0.23135,-0.07007,-0.49370,-0.13408,-0.04983,0.24966,0.10000,0.47193
2.5000,0.39851,0.53992,-0.52954,0.53146,0.22759,-0.06844,-0.49598,-0.13435,-0.05175,0.24704,0.10000,0.48074
2.5500,0.39548,0.53839,-0.53114,0.53140,0.22422,-0.06678,-0.49818,-0.13472,-0.05354,0.24443,0.10000,0.48955
2.6000,0.39260,0.53681,-0.53257,0.53130,0.22123,-0.06510,-0.50029,-0.13519,-0.05519,0.24183,0.10000,0.49837
2.6500,0.38988,0.53518,-0.53382,0.53116,0.21864,-0.06343,-0.50232,-0.13576,-0.05671,0.23923,0.10001,0.50718
2.7000,0.38730,0.53350,-0.53488,0.53096,0.21647,-0.06178,-0.50425,-0.13644,-0.05809,0.23662,0.10048,0.51594
2.7500,0.38487,0.53176,-0.53575,0.53071,0.21471,-0.06017,-0.50608,-0.13721,-0.05932,0.23401,0.10178,0.52456
2.8000,0.38259,0.52996,-0.53642,0.53038,0.21337,-0.05864,-0.50782,-0.13808,-0.06042,0.23139,0.10391,0.53297
2.8500,0.38045,0.52811,-0.53690,0.52997,0.21245,-0.05719,-0.50945,-0.13906,-0.06137,0.22875,0.10685,0.54111
2.9000,0.37846,0.52620,-0.53716,0.52947,0.21196,-0.05585,-0.51097,-0.14014,-0.06218,0.22609,0.11058,0.54892
2.9500,0.37661,0.52423,-0.53723,0.52888,0.21189,-0.05465,-0.51239,-0.14132,-0.06285,0.22341,0.11507,0.55635
3.0000,0.37490,0.52220,-0.53710,0.52818,0.21223,-0.05361,-0.51370,-0.14260,-0.06339,0.22071,0.12029,0.56335
3.0500,0.37334,0.52011,-0.53676,0.52736,0.21298,-0.05274,-0.51490,-0.14398,-0.06378,0.21797,0.12619,0.56985
3.1000,0.37193,0.51796,-0.53623,0.52642,0.21412,-0.05206,-0.51598,-0.14546,-0.06403,0.21520,0.13275,0.57582
3.1500,0.37066,0.51575,-0.53551,0.52536,0.21565,-0.05159,-0.51694,-0.14704,-0.06415,0.21239,0.13990,0.58121
3.2000,0.36954,0.51347,-0.53461,0.52416,0.21754,-0.05135,-0.51778,-0.14872,-0.06413,0.20954,0.14760,0.58598
3.2500,0.36858,0.51113,-0.53354,0.52283,0.21979,-0.05135,-0.51851,-0.15050,-0.06397,0.20665,0.15580,0.59009
3.3000,0.36776,0.50872,-0.53229,0.52135,0.22237,-0.05161,-0.51911,-0.15237,-0.06369,0.20371,0.16442,0.59352
3.3500,0.36709,0.50624,-0.53089,0.51973,0.22527,-0.05213,-0.51958,-0.15435,-0.06328,0.20072,0.17341,0.59624
3.4000,0.36658,0.50370,-0.52934,0.51796,0.22847,-0.05293,-0.51994,-0.15642,-0.06274,0.19768,0.18271,0.59824
3.4500,0.36622,0.50108,-0.52764,0.51605,0.23194,-0.05402,-0.52016,-0.15858,-0.06208,0.19458,0.19224,0.59949
3.5000,0.36602,0.49838,-0.52582,0.51399,0.23567,-0.05539,-0.52026,-0.16084,-0.06130,0.19143,0.20194,0.59999
3.5500,0.36597,0.49561,-0.52388,0.51178,0.23963,-0.05705,-0.52024,-0.16320,-0.06040,0.18821,0.21171,0.60000
3.6000,0.36608,0.49276,-0.52183,0.50943,0.24380,-0.05902,-0.52008,-0.16564,-0.05939,0.18494,0.22148,0.60000
3.6500,0.36635,0.48983,-0.51968,0.50693,0.24817,-0.06128,-0.51980,-0.16818,-0.05827,0.18161,0.23125,0.60000
3.7000,0.36677,0.48681,-0.51743,0.50429,0.25271,-0.06385,-0.51938,-0.17081,-0.05704,0.17822,0.24103,0.59973
3.7500,0.36736,0.48372,-0.51511,0.50150,0.25739,-0.06674,-0.51884,-0.17353,-0.05571,0.17476,0.25077,0.59881
3.8000,0.36809,0.48054,-0.51272,0.49857,0.26222,-0.06993,-0.51817,-0.17634,-0.05428,0.17124,0.26045,0.59723
3.8500,0.36899,0.47729,-0.51026,0.49549,0.26715,-0.07345,-0.51738,-0.17923,-0.05275,0.16765,0.27001,0.59500
3.9000,0.37003,0.47396,-0.50774,0.49226,0.27218,-0.07728,-0.51645,-0.18221,-0.05113,0.16401,0.27942,0.59213
3.9500,0.37124,0.47054,-0.50518,0.48889,0.27728,-0.08144,-0.51540,-0.18527,-0.04942,0.16030,0.28863,0.58862
4.0000,0.37259,0.46705,-0.50258,0.48538,0.28244,-0.08590,-0.51422,-0.18841,-0.04762,0.15652,0.29761,0.58451
4.0500,0.37410,0.46349,-0.49995,0.48174,0.28764,-0.09068,-0.51291,-0.19163,-0.04574,0.15269,0.30631,0.57980
4.1000,0.37575,0.45984,-0.49730,0.47796,0.29288,-0.09577,-0.51149,-0.19493,-0.04378,0.14879,0.31469,0.57451
4.1500,0.37755,0.45612,-0.49462,0.47406,0.29812,-0.10115,-0.50993,-0.19831,-0.04174,0.14484,0.32272,0.56868
4.2000,0.37950,0.45233,-0.49194,0.47003,0.30337,-0.10683,-0.50826,-0.20175,-0.03963,0.14082,0.33036,0.56232
4.2500,0.38159,0.44846,-0.48924,0.46588,0.30861,-0.11278,-0.50647,-0.20527,-0.03744,0.13676,0.33758,0.55547
4.3000,0.38381,0.44451,-0.48653,0.46163,0.31384,-0.11901,-0.50455,-0.20886,-0.03519,0.13263,0.34434,0.54815
4.3500,0.38618,0.44049,-0.48382,0.45727,0.31904,-0.12551,-0.50252,-0.21251,-0.03287,0.12846,0.35062,0.54039
4.4000,0.38867,0.43640,-0.48111,0.45282,0.32422,-0.13225,-0.50038,-0.21622,-0.03049,0.12423,0.35639,0.53224
4.4500,0.39129,0.43223,-0.47840,0.44828,0.32936,-0.13922,-0.49812,-0.22000,-0.02804,0.11996,0.36162,0.52372
4.5000,0.39404,0.42799,-0.47568,0.44366,0.33448,-0.14642,-0.49575,-0.22383,-0.02554,0.11565,0.36628,0.51488
4.5500,0.39690,0.42368,-0.47295,0.43897,0.33956,-0.15383,-0.49328,-0.22772,-0.02297,0.11129,0.37039,0.50576
4.6000,0.39987,0.41930,-0.47022,0.43422,0.34461,-0.16143,-0.49069,-0.23166,-0.02036,0.10690,0.37433,0.49657
4.6500,0.40295,0.41486,-0.46747,0.42942,0.34964,-0.16922,-0.48801,-0.23565,-0.01768,0.10247,0.37826,0.48738
4.7000,0.40612,0.41035,-0.46470,0.42457,0.35465,-0.17716,-0.48522,-0.23968,-0.01495,0.09800,0.38220,0.47819
4.7500,0.40939,0.40577,-0.46192,0.41967,0.35964,-0.18527,-0.48233,-0.24375,-0.01217,0.09351,0.38614,0.46900
4.8000,0.41275,0.40114,-0.45911,0.41475,0.36462,-0.19351,-0.47935,-0.24787,-0.00934,0.08900,0.39008,0.45981
4.8500,0.41620,0.39645,-0.45628,0.40979,0.36959,-0.20188,-0.47628,-0.25201,-0.00646,0.08446,0.39402,0.45062
4.9000,0.41973,0.39171,-0.45342,0.40482,0.37455,-0.21037,-0.47311,-0.25619,-0.00354,0.07990,0.39796,0.44142
4.9500,0.42333,0.38692,-0.45054,0.39982,0.37950,-0.21897,-0.46986,-0.26039,-0.00056,0.07533,0.40190,0.43223
5.0000,0.40014,0.41525,-0.48031,0.44819,0.31089,-0.14814,-0.49775,-0.19686,-0.03854,0.13294,0.40584,0.42304
5.0500,0.40264,0.41070,-0.47798,0.44282,0.31823,-0.15394,-0.49603,-0.20023,-0.03478,0.12722,0.40978,0.41385
5.1000,0.40553,0.40645,-0.47578,0.43755,0.32574,-0.16021,-0.49441,-0.20396,-0.03129,0.12155,0.41372,0.40466
5.1500,0.40868,0.40240,-0.47363,0.43228,0.33336,-0.16696,-0.49278,-0.20794,-0.02798,0.11589,0.41766,0.39547
5.2000,0.41204,0.39848,-0.47147,0.42697,0.34104,-0.17416,-0.49105,-0.21210,-0.02476,0.11026,0.42160,0.38628
5.2500,0.41554,0.39463,-0.46927,0.42160,0.34873,-0.18179,-0.48919,-0.21639,-0.02161,0.10465,0.42554,0.37708
5.3000,0.41916,0.39082,-0.46701,0.41614,0.35643,-0.18982,-0.48715,-0.22077,-0.01848,0.09906,0.42947,0.36789
5.3500,0.42288,0.38701,-0.46467,0.41060,0.36411,-0.19821,-0.48493,-0.22522,-0.01535,0.09349,0.43341,0.35870
5.4000,0.42669,0.38319,-0.46225,0.40500,0.37176,-0.20693,-0.48252,-0.22972,-0.01221,0.08794,0.43735,0.34951
5.4500,0.43057,0.37934,-0.45973,0.39933,0.37937,-0.21593,-0.47992,-0.23424,-0.00905,0.08242,0.44129,0.34032
5.5000,0.43452,0.37546,-0.45714,0.39361,0.38694,-0.22519,-0.47712,-0.23879,-0.00585,0.07693,0.44523,0.33113
5.5500,0.43854,0.37154,-0.45445,0.38786,0.39447,-0.23468,-0.47414,-0.24334,-0.00262,0.07147,0.44917,0.32194
5.6000,0.44263,0.36757,-0.45169,0.38209,0.40195,-0.24435,-0.47097,-0.24790,0.00066,0.06605,0.45311,0.31274
5.6500,0.44679,0.36356,-0.44883,0.37630,0.40939,-0.25418,-0.46764,-0.25244,0.00397,0.06067,0.45705,0.30355
5.7000,0.45101,0.35952,-0.44590,0.37052,0.41678,-0.26415,-0.46414,-0.25698,0.00733,0.05533,0.46099,0.29436
5.7500,0.45529,0.35544,-0.44290,0.36474,0.42413,-0.27422,-0.46048,-0.26149,0.01074,0.05004,0.46493,0.28517
5.8000,0.45964,0.35133,-0.43981,0.35899,0.43144,-0.28437,-0.45668,-0.26598,0.01419,0.04481,0.46887,0.27598
5.8500,0.46406,0.34719,-0.43666,0.35328,0.43871,-0.29457,-0.45273,-0.27044,0.01769,0.03963,0.47281,0.26679
5.9000,0.46854,0.34305,-0.43343,0.34760,0.44595,-0.30480,-0.44866,-0.27487,0.02124,0.03452,0.47674,0.25760
5.9500,0.47307,0.33889,-0.43014,0.34197,0.45315,-0.31504,-0.44447,-0.27925,0.02483,0.02947,0.48068,0.24840
6.0000,0.47767,0.33473,-0.42678,0.33640,0.46033,-0.32527,-0.44016,-0.28359,0.02846,0.02450,0.48462,0.23921
6.0500,0.48232,0.33058,-0.42336,0.33089,0.46749,-0.33547,-0.43575,-0.28788,0.03214,0.01961,0.48856,0.23002
6.1000,0.48703,0.32645,-0.41987,0.32546,0.47462,-0.34560,-0.43124,-0.29211,0.03586,0.01479,0.49250,0.22083
6.1500,0.49179,0.32234,-0.41632,0.32010,0.48175,-0.35567,-0.42665,-0.29629,0.03963,0.01007,0.49644,0.21164
6.2000,0.49660,0.31827,-0.41271,0.31482,0.48886,-0.36564,-0.42197,-0.30040,0.04344,0.00543,0.50038,0.20245
6.2500,0.50146,0.31424,-0.40903,0.30963,0.49598,-0.37550,-0.41722,-0.30444,0.04728,0.00089,0.50432,0.19326
6.3000,0.50635,0.31026,-0.40530,0.30454,0.50310,-0.38522,-0.41240,-0.30841,0.05117,-0.00355,0.50826,0.18406
6.3500,0.51129,0.30635,-0.40150,0.29955,0.51022,-0.39480,-0.40752,-0.31231,0.05510,-0.00788,0.51220,0.17487
6.4000,0.51625,0.30249,-0.39763,0.29467,0.51737,-0.40421,-0.40259,-0.31612,0.05906,-0.01211,0.51614,0.16568
6.4500,0.52124,0.29872,-0.39370,0.28990,0.52453,-0.41343,-0.39761,-0.31984,0.06306,-0.01622,0.52008,0.15649
6.5000,0.52626,0.29502,-0.38971,0.28525,0.53173,-0.42244,-0.39259,-0.32348,0.06708,-0.02022,0.52402,0.14730
6.5500,0.53129,0.29141,-0.38564,0.28074,0.53896,-0.43122,-0.38753,-0.32702,0.07115,-0.02409,0.52795,0.13811
6.6000,0.53632,0.28790,-0.38151,0.27636,0.54624,-0.43976,-0.38245,-0.33046,0.07524,-0.02784,0.53193,0.12893
6.6500,0.54136,0.28448,-0.37730,0.27212,0.55357,-0.44804,-0.37735,-0.33380,0.07935,-0.03146,0.53635,0.11996
6.7000,0.54640,0.28117,-0.37302,0.26804,0.56095,-0.45602,-0.37223,-0.33704,0.08350,-0.03494,0.54134,0.11131
6.7500,0.55143,0.27797,-0.36866,0.26411,0.56839,-0.46371,-0.36710,-0.34016,0.08766,-0.03829,0.54689,0.10300
6.8000,0.55644,0.27488,-0.36423,0.26035,0.57589,-0.47107,-0.36197,-0.34318,0.09185,-0.04150,0.55295,0.09507
6.8500,0.56143,0.27190,-0.35972,0.25677,0.58345,-0.47809,-0.35683,-0.34608,0.09605,-0.04456,0.55951,0.08756
6.9000,0.56640,0.26905,-0.35515,0.25337,0.59107,-0.48476,-0.35170,-0.34886,0.10026,-0.04748,0.56654,0.08051
6.9500,0.57135,0.26632,-0.35051,0.25016,0.59875,-0.49106,-0.34658,-0.35153,0.10449,-0.05025,0.57401,0.07394
7.0000,0.57626,0.26372,-0.34581,0.24713,0.60647,-0.49697,-0.34147,-0.35407,0.10872,-0.05287,0.58188,0.06788
7.0500,0.58113,0.26126,-0.34106,0.24431,0.61423,-0.50249,-0.33638,-0.35648,0.11296,-0.05533,0.59012,0.06236
7.1000,0.58597,0.25893,-0.33627,0.24169,0.62202,-0.50759,-0.33132,-0.35877,0.11720,-0.05764,0.59869,0.05740
7.1500,0.59077,0.25674,-0.33143,0.23927,0.62983,-0.51229,-0.32628,-0.36092,0.12143,-0.05978,0.60755,0.05304
7.2000,0.59552,0.25469,-0.32656,0.23705,0.63765,-0.51655,-0.32128,-0.36294,0.12566,-0.06177,0.61667,0.04927
7.2500,0.60023,0.25279,-0.32167,0.23505,0.64546,-0.52038,-0.31631,-0.36483,0.12987,-0.06360,0.62600,0.04613
7.3000,0.60490,0.25104,-0.31677,0.23326,0.65326,-0.52378,-0.31138,-0.36659,0.13407,-0.06527,0.63551,0.04363
7.3500,0.60952,0.24944,-0.31187,0.23168,0.66103,-0.52673,-0.30649,-0.36820,0.13825,-0.06677,0.64514,0.04177
7.4000,0.61408,0.24799,-0.30697,0.23031,0.66875,-0.52923,-0.30165,-0.36968,0.14240,-0.06812,0.65486,0.04057
7.4500,0.61860,0.24671,-0.30208,0.22915,0.67641,-0.53129,-0.29686,-0.37102,0.14652,-0.06929,0.66463,0.04004
7.5000,0.62306,0.24558,-0.29723,0.22819,0.68399,-0.53291,-0.29212,-0.37222,0.15062,-0.07031,0.67440,0.04000
7.5500,0.62747,0.24462,-0.29241,0.22745,0.69148,-0.53408,-0.28744,-0.37328,0.15467,-0.07116,0.68417,0.04000
7.6000,0.63182,0.24382,-0.28764,0.22691,0.69885,-0.53480,-0.28281,-0.37420,0.15868,-0.07185,0.69395,0.04000
7.6500,0.63612,0.24318,-0.28293,0.22658,0.70610,-0.53508,-0.27825,-0.37497,0.16264,-0.07238,0.70369,0.04021
7.7000,0.64036,0.24270,-0.27829,0.22645,0.71321,-0.53491,-0.27376,-0.37560,0.16656,-0.07274,0.71330,0.04114
7.7500,0.64454,0.24239,-0.27373,0.22654,0.72016,-0.53430,-0.26933,-0.37610,0.17042,-0.07295,0.72270,0.04283
7.8000,0.64866,0.24223,-0.26926,0.22682,0.72692,-0.53324,-0.26498,-0.37645,0.17422,-0.07300,0.73183,0.04524
7.8500,0.65273,0.24224,-0.26490,0.22732,0.73350,-0.53175,-0.26070,-0.37666,0.17795,-0.07290,0.74062,0.04838
7.9000,0.65674,0.24240,-0.26064,0.22801,0.73986,-0.52982,-0.25649,-0.37673,0.18162,-0.07264,0.74900,0.05221
7.9500,0.66068,0.24272,-0.25651,0.22890,0.74601,-0.52747,-0.25237,-0.37666,0.18522,-0.07223,0.75692,0.05671
8.0000,0.66457,0.24319,-0.25251,0.22998,0.75192,-0.52470,-0.24832,-0.37645,0.18874,-0.07167,0.76431,0.06184
8.0500,0.66840,0.24383,-0.24864,0.23124,0.75758,-0.52153,-0.24437,-0.37611,0.19219,-0.07096,0.77112,0.06757
8.1000,0.67216,0.24461,-0.24492,0.23269,0.76299,-0.51796,-0.24049,-0.37563,0.19556,-0.07012,0.77731,0.07385
8.1500,0.67586,0.24555,-0.24135,0.23430,0.76814,-0.51402,-0.23671,-0.37502,0.19884,-0.06913,0.78282,0.08064
8.2000,0.67949,0.24665,-0.23793,0.23608,0.77303,-0.50972,-0.23302,-0.37428,0.20204,-0.06801,0.78762,0.08790
8.2500,0.68305,0.24789,-0.23466,0.23802,0.77764,-0.50506,-0.22942,-0.37341,0.20514,-0.06675,0.79167,0.09556
8.3000,0.68654,0.24929,-0.23155,0.24010,0.78198,-0.50008,-0.22592,-0.37241,0.20816,-0.06537,0.79495,0.10357
8.3500,0.68995,0.25084,-0.22860,0.24232,0.78606,-0.49478,-0.22252,-0.37128,0.21108,-0.06386,0.79742,0.11187
8.4000,0.69328,0.25254,-0.22579,0.24467,0.78987,-0.48918,-0.21923,-0.37004,0.21391,-0.06223,0.79907,0.12041
8.4500,0.69653,0.25439,-0.22314,0.24714,0.79343,-0.48330,-0.21603,-0.36867,0.21665,-0.06049,0.79990,0.12911
8.5000,0.69967,0.25638,-0.22063,0.24972,0.79674,-0.47716,-0.21294,-0.36719,0.21928,-0.05863,0.80000,0.13792
8.5500,0.70272,0.25851,-0.21825,0.25240,0.79982,-0.47077,-0.20997,-0.36559,0.22182,-0.05667,0.80000,0.14673
8.6000,0.70566,0.26078,-0.21600,0.25518,0.80267,-0.46415,-0.20710,-0.36389,0.22426,-0.05460,0.80000,0.15555
8.6500,0.70849,0.26319,-0.21387,0.25805,0.80531,-0.45731,-0.20434,-0.36208,0.22659,-0.05244,0.80000,0.16436
8.7000,0.71120,0.26572,-0.21186,0.26100,0.80775,-0.45027,-0.20170,-0.36016,0.22883,-0.05018,0.80000,0.17318
8.7500,0.71379,0.26839,-0.20997,0.26403,0.81000,-0.44304,-0.19918,-0.35815,0.23096,-0.04783,0.80000,0.18199
8.8000,0.71626,0.27117,-0.20817,0.26712,0.81207,-0.43564,-0.19678,-0.35604,0.23299,-0.04540,0.80000,0.19081
8.8500,0.71859,0.27407,-0.20649,0.27028,0.81396,-0.42808,-0.19449,-0.35384,0.23492,-0.04288,0.80000,0.19962
8.9000,0.72080,0.27708,-0.20490,0.27351,0.81568,-0.42037,-0.19233,-0.35156,0.23675,-0.04030,0.80000,0.20844
8.9500,0.72287,0.28019,-0.20340,0.27678,0.81724,-0.41252,-0.19029,-0.34919,0.23847,-0.03764,0.80000,0.21725
9.0000,0.72480,0.28340,-0.20200,0.28011,0.81865,-0.40455,-0.18838,-0.34675,0.24009,-0.03492,0.80000,0.22607
9.0500,0.72659,0.28670,-0.20070,0.28348,0.81991,-0.39646,-0.18660,-0.34424,0.24160,-0.03213,0.80000,0.23488
9.1000,0.72825,0.29009,-0.19948,0.28689,0.82102,-0.38827,-0.18494,-0.34166,0.24301,-0.02929,0.80000,0.24370
9.1500,0.72976,0.29355,-0.19835,0.29035,0.82200,-0.37998,-0.18341,-0.33901,0.24432,-0.02640,0.80000,0.25251
9.2000,0.73113,0.29708,-0.19730,0.29384,0.82284,-0.37162,-0.18201,-0.33631,0.24552,-0.02346,0.80000,0.26132
9.2500,0.73236,0.30068,-0.19634,0.29736,0.82355,-0.36318,-0.18074,-0.33356,0.24661,-0.02048,0.80000,0.27014
9.3000,0.73344,0.30433,-0.19546,0.30090,0.82413,-0.35467,-0.17961,-0.33076,0.24760,-0.01746,0.80000,0.27895
9.3500,0.73438,0.30803,-0.19467,0.30448,0.82458,-0.34611,-0.17860,-0.32791,0.24849,-0.01440,0.80000,0.28777
9.4000,0.73517,0.31177,-0.19396,0.30807,0.82491,-0.33751,-0.17773,-0.32504,0.24927,-0.01132,0.80000,0.29658
9.4500,0.73582,0.31555,-0.19333,0.31168,0.82511,-0.32887,-0.17699,-0.32213,0.24994,-0.00822,0.80000,0.30540
9.5000,0.73632,0.31935,-0.19279,0.31531,0.82520,-0.32021,-0.17638,-0.31919,0.25051,-0.00509,0.80000,0.31421
9.5500,0.73667,0.32318,-0.19232,0.31895,0.82516,-0.31153,-0.17591,-0.31624,0.25096,-0.00195,0.80000,0.32303
9.6000,0.73688,0.32701,-0.19194,0.32260,0.82501,-0.30284,-0.17557,-0.31327,0.25132,0.00120,0.80000,0.33184
9.6500,0.73694,0.33085,-0.19164,0.32626,0.82473,-0.29415,-0.17537,-0.31029,0.25156,0.00435,0.80000,0.34066
9.7000,0.73686,0.33469,-0.19143,0.32992,0.82433,-0.28548,-0.17529,-0.30731,0.25170,0.00750,0.80000,0.34947
9.7500,0.73663,0.33851,-0.19130,0.33358,0.82381,-0.27682,-0.17535,-0.30433,0.25173,0.01066,0.80000,0.35829
9.8000,0.73625,0.34232,-0.19126,0.33724,0.82317,-0.26820,-0.17554,-0.30135,0.25165,0.01380,0.80000,0.36710
9.8500,0.73573,0.34610,-0.19130,0.34089,0.82240,-0.25961,-0.17587,-0.29839,0.25147,0.01693,0.80000,0.37592
9.9000,0.73507,0.34985,-0.19143,0.34453,0.82150,-0.25107,-0.17632,-0.29545,0.25117,0.02004,0.80000,0.38473
9.9500,0.73425,0.35357,-0.19165,0.34816,0.82047,-0.24259,-0.17690,-0.29253,0.25077,0.02313,0.80000,0.39355
10.0000,0.73573,0.30146,-0.19398,0.29746,0.82988,-0.33765,-0.17952,-0.33061,0.24807,-0.00412,0.80000,0.40236
10.0500,0.73701,0.30402,-0.19337,0.30349,0.83106,-0.33091,-0.17650,-0.32764,0.24784,0.00019,0.80000,0.41118
10.1000,0.73833,0.30686,-0.19279,0.30938,0.83232,-0.32397,-0.17335,-0.32448,0.24761,0.00431,0.80000,0.41999
10.1500,0.73961,0.30989,-0.19228,0.31517,0.83350,-0.31682,-0.17025,-0.32122,0.24736,0.00829,0.80000,0.42881
10.2000,0.74077,0.31305,-0.19190,0.32089,0.83447,-0.30949,-0.16730,-0.31793,0.24704,0.01216,0.80000,0.43762
10.2500,0.74179,0.31628,-0.19166,0.32653,0.83516,-0.30199,-0.16456,-0.31465,0.24665,0.01595,0.80000,0.44644
10.3000,0.74262,0.31955,-0.19158,0.33211,0.83554,-0.29436,-0.16209,-0.31142,0.24616,0.01966,0.80000,0.45525
10.3500,0.74324,0.32284,-0.19167,0.33761,0.83557,-0.28663,-0.15990,-0.30825,0.24556,0.02330,0.80000,0.46407
